Unnamed: 0,address,postal,state,lat,lng
3162,550-B WEST EATON AVENUE,95376,CA,37.743294,-121.434006
3166, PO BOX 5907,87825,NM,34.1167305,-107.2461138
3167,3648 GENERAL DEGAULLE DRIVE,70114,LA,29.924154,-90.019104
3170, # 112B,78750,TX,30.447075,-97.80953
3171, STE 1100,79106,TX,35.2003379,-101.9266971
3174,4555 N. PERSHING AVE STE#7,95207,CA,37.98704,-121.32099
3179,75 N. LAKE HAVASU AVE.,86403,AZ,34.481342,-114.347916
3180,101-21 METROPOLITAN AVENUE,11375,NY,40.710594,-73.85165
3181,ONE MEDICAL CENTER DRIVE,45005,OH,39.498552,-84.316617
3187,149-01 UNION TURNPIKE,11367,NY,40.71863,-73.8137
3192, SUITE N1210,40503,KY,38.019276,-84.51376
3193, SUITE 4,10954,NY,41.10908,-73.99609
3195,2604 PEACH ORCHARD RD,30906,GA,33.42552,-82.01813
3197, P.O.BOX 630,13830,NY,42.442165,-75.59798
3201,1911 BEL AIR RD,21047,MD,39.498264,-76.387825
3203, SUITE 102,54313,WI,44.492256,-88.10365
3205, 609 CLINIC RD,83226,ID,44.4999,-114.2231887
3206,568 N HWY 36,80103,CO,39.720146,-104.21879
3207, 224 EAST MAIN ST,14141,NY,42.5093979,-78.6610794
3208, 205 PROSPECT PARK WEST,11215,NY,40.6605349,-73.9820463
3209,2800 TENTH AVENUE NORTH,59101,MT,45.790478,-108.51408
3210,PO BOX 161529,59716,MT,45.2604241,-111.3030553
3212,1017 SOUTH MEDICAL DRIVE,84302,UT,41.48908,-112.0263
3217, 5818 MADISON ROAD,45227,OH,39.1611071,-84.395449
3218, 43 WILLIAMSON RD,16125,PA,41.4133054,-80.3603453
3219,1 COCA COLA PLZ NW,30313,GA,33.7539576,-84.3835882
3220, STE C1,60062,IL,42.108593,-87.87641
3221, STE W2001,48326,MI,42.651524,-83.22461
3222, SUITE 100,37203,TN,36.15399,-86.81272
3223,16 WOODBINE LANE,17821,PA,40.96685,-76.579315
3224,4036 RIVER OAKS DRIVE UNIT B-1,29579,SC,33.754074,-78.867546
3225, 1001 WEST STREET,13619,NY,43.9806749,-75.6127929
3227,ONE FOXCARE DRIVE,13820,NY,42.4572237,-75.0301446
3228,95-19 57 AVENUE,11373,NY,40.73671,-73.86562
3229, 1401 DEVINE STREET,29208,SC,33.9956968,-81.029073
3230, 1008 MINNEQUA AVENUE,81004,CO,38.2339086,-104.6245298
3231, 1338 PHAY AVENUE,81212,CO,38.451292,-105.2263198
3232,100 EAST LEFEVRE RD,61081,IL,41.801567,-89.69707
3234,845 JACKSON ST ROOM 1102,94133,CA,37.795727,-122.409004
3235,500 OSBORN BLVD,49783,MI,46.498238,-84.349396
3236, 2136 WEST 8TH STREET,45204,OH,39.1057566,-84.5546284
3238," INC, 1704 MEADOWS LANE",30474,GA,32.2055701,-82.3942165
3239,1946 42ND STREET N.E.,52402,IA,42.021534,-91.66632
3240, 214 KING ST,13669,NY,44.6976767,-75.496319
3244, 735 MCMILLAN ROAD,29634,SC,34.6758962,-82.835747
3248, P.O. BOX 649 (MAILING),78832,TX,29.3121689,-100.4196501
3249," 207 OLD LEXINGTON ROAD, PO BOX 789",27360,NC,35.8803774,-80.1136699
3251, PO BOX 399,68355,NE,40.0730504,-95.6112847
3252, PHARMACY DEPARTMENT,13346,NY,42.812378,-75.542534
3255, P.O. BOX 549,98360,WA,47.097588,-122.20389
3256, 701 MAIN STREET,57274,SD,45.3323011,-97.5224979
3257,9485 CRESTWYN HILLS COVE,38125,TN,35.0416592,-89.7493288
3258, P.O. BOX 488,54114,WI,45.232365,-88.00627
3259, PO BOX 888,58730,ND,48.9137268,-103.2969404
3265,15 HONEOYE COMMONS,14471,NY,42.789099,-77.5070316
3271, DEER PARK S/C,11729,NY,40.751683,-73.3351954
3276, ROUTE 155,12203,NY,42.69748,-73.88763
3295,4331 NESCONSET HWY.,11776,NY,40.8963982,-73.1724811
3299,5 INDIAN ROCK PLAZA,10901,NY,41.113736,-74.1317939
3300, GATES SHOPPING PLZ,14606,NY,43.170113,-77.70412
3308,839 RTE 146,12065,NY,42.863754,-73.781845
3316,105 HARRIS AVE,75154,TX,32.530838,-96.8199
3318,11661 PRESTON RD. STE 218,75230,TX,32.90751,-96.80416
3324,1410 CRABB RIVER RD.,77469,TX,29.5528779,-95.6962789
3328,1919 S. LOOP 256,75801,TX,31.7364134,-95.6114025
3335,2712 HIGHWAY 365,77627,TX,29.9543671,-93.9894335
3337,2950 DOWLEN RD.,77706,TX,30.106598,-94.16838
3343,407 EAST ORANGE AVE.,78372,TX,27.958197,-97.93957
3348,7214 FM 1960 E,77346,TX,29.9928143,-95.1968005
3351,750 W. FM 544,75098,TX,33.0074,-96.547745
3355,9101 HWY 6 NORTH,77095,TX,29.910255,-95.628204
3356,222 OAKRIDGE COMMONS,10590,NY,41.216396,-73.517555
3357, PO BOX 1158,57501,SD,44.36762,-100.355286
3360,ONE MEDICAL CENTER DRIVE,3756,NH,43.6761758,-72.2753515
3365, 2141 EMORY ROAD,37849,TN,36.028593,-84.0350657
3369,305 TOWERVIEW DRIVE,27708,NC,35.9994361,-78.9437499
3370,6032 ROUTE 82,12581,NY,41.869793,-73.70733
3371, 2005 MARIPOSA ROAD,95205,CA,37.9388811,-121.2471111
3372, P.O. BOX 11270,93304,CA,35.354122,-119.03622
3374, 1525 ELM STREET,45202,OH,39.1121287,-84.521827
3375, 2801 N GANTENBEIN AVE,97227,OR,45.5443806,-122.6720652
3379,3421 SW 8 ST,33135,FL,25.764784,-80.251305
3380,4747 NESCONSET HWY,11776,NY,40.91684,-73.05488
3381, ATTN SUPERVISING PHARMACIST,14221,NY,43.001053,-78.74277
3383, 82 NEWPORT RD,3257,NH,43.4217672,-71.9968423
3384, BUILDING 554,12524,NY,41.5319855,-73.9076939
3387, SUITE 107,11570,NY,40.6724046,-73.6564903
3389,937 N YOSEMITE STREET,95203,CA,37.95957,-121.30665
3392,1732 YOUNGSTOWN RD,44484,OH,41.22775,-80.796326
3393, ATTN: SUPERVISING PHARMACIST,11010,NY,40.707306,-73.67449
3396, 1010 RIVER ROAD,58538,ND,46.0949818,-100.6302868
3399,17609 VENTURA BLVD #LL06,91316,CA,34.161938,-118.516655
3407,2200 N. HARBOR BLVD. (NEC),92835,CA,33.9070605,-117.9397932
3415,3911 SOUTH BRISTOL STREET,92704,CA,33.695683,-117.88558
3425, SUIT B-2,94533,CA,38.2631,-122.05267
3430,103 JESSE JEWEL PARKWAY,30501,GA,34.2967897,-83.8273136
3433,1541 GEORGIA HIGHWAY 20,30012,GA,33.6834525,-84.001785
3434,1600 TOWN LAKE PARKWAY,30189,GA,34.109974,-84.54195
3441,2902 PEACH ORCHARD ROAD,30906,GA,33.418415,-82.02275
3442,300 MORGAN STREET,30241,GA,33.038914,-85.0296
3444,4183 HWY 278 NE,30014,GA,33.586854,-83.8673224
3445,4717-C E HWY 80,31410,GA,32.043613,-81.00772
3447,495 CHARLES HARDY PKWY,30157,GA,33.9099314,-84.7816774
3449,736 HWY 78 WEST,30180,GA,33.7298168,-84.94309
3451, SW,30310,GA,33.7465148,-84.42203
3460, P.O. BOX 1179,85939,AZ,34.4757623,-110.0885215
3463,130 SO MAIN STREET,14904,NY,42.083874,-76.80547
3466,2840 N. DYSART RD.,85395,AZ,33.4781416,-112.3440053
3471, PO BOX 417,84525,UT,38.9952643,-110.1681992
3473,100 W 16TH,67045,KS,37.835365,-96.29421
3474, SUITE 160,32256,FL,30.242144,-81.57931
3475, STE A,76301,TX,33.904694,-98.50221
3477, 1710 FAULKLAND ROAD,19805,DE,39.7475789,-75.6123878
3478, 216 SUBURBAN DRIVE,19711,DE,39.6685515,-75.7788115
3481,39 W. TENTH STREET,95376,CA,37.73852,-121.42656
3483, P O BOX 1491,28075,NC,35.32136,-80.65899
3484, 200 FIRST STREET EAST,50644,IA,42.468968,-91.8950566
3486,715 8TH STREET SO.,55404,MN,44.972261,-93.2646432
3488, 1ST FLOOR,18301,PA,40.992275,-75.174286
3489,SUITE F,72206,AR,34.61114,-92.31977
3490, 3930 NORTHWOODS DRIVE,55112,MN,45.0596868,-93.1534309
3491, 8600 NICOLLET AVENUE,55420,MN,44.8438606,-93.3466619
3492, 11475 ROBINSON DRIVE NW,55433,MN,45.1797056,-93.3141807
3494,2220 RIVERSIDE AVENUE SOUTH,55454,MN,44.96745,-93.24069
3495, SUITE 100,55416,MN,44.965466,-93.34541
3496,1430 HIGHWAY 96,55110,MN,45.07918,-93.0393
3499, SUITE #110,48236,MI,42.396164,-82.90186
3500, 2799 W. GRAND BLVD.,48202,MI,42.3669921,-83.0848224
3501, 1411 EAST 31ST STREET,94602,CA,37.7985461,-122.2338896
3502,1004 SHOOTING PARK,61354,IL,41.338535,-89.11756
3507,1305 RANDALL RD.,60014,IL,42.2051337,-88.3378774
3513,207 W. JORDAN ST,62448,IL,38.99093,-88.16278
3514,230 S COMET DR.,60408,IL,41.25958,-88.20774
3522,47 S. LOCUST ST.,60950,IL,41.247673,-87.83336
3529,1800 E. HWY 50,34711,FL,28.5476164,-81.7249359
3532,8603 WEST HILLSBOROUGH AVE,33615,FL,27.996748,-82.58042
3535,1350 S HICKORY STREET,32901,FL,28.087395,-80.61354
3536, SUITE 102,32940,FL,28.1689129,-80.7718103
3539, SUITE B,93455,CA,34.915962,-120.462105
3540,10 EAST 81ST AVENUE,46410,IN,41.471073,-87.33784
3549,1375 WEST 86TH ST.,46260,IN,39.912228,-86.183464
3560,21 WEST MAIN STREET,46112,IN,39.84402,-86.4003
3562,2272 NORTH MAIN ST.,46307,IN,41.434162,-87.3647
3563,2340 W SYCAMORE,46901,IN,40.48776,-86.16392
3565,265 SO. SCATTERFIELD RD,46012,IN,40.114735,-85.65293
3570,3400 N CALUMET AVE,46383,IN,41.499092,-87.042404
3573,4480 FIRST AVE.,47710,IN,38.01968,-87.57403
3574,512 E. SEYMOUR ST.,47951,IN,40.767937,-87.441185
3575,512 SAGAMORE PKWY WEST,47906,IN,40.453182,-86.911545
3577,523 SOUTH STATE ROAD 67,46158,IN,39.604042,-86.37222
3578,5611 GEORGETOWN RD.,46254,IN,39.85361,-86.24001
3580,655 S. US HIGHWAY 31,46142,IN,39.6071571,-86.1108313
3582,7722 W STATE ROUTE 66,47630,IN,37.9311324,-87.3536504
3583,7915-C SOUTH EMERSON AVE,46237,IN,39.653255,-86.0827
3584,7990 E US HIGHWAY 36,46123,IN,39.762936,-86.39342
3589,600 SOUTH PINE ST,70634,LA,30.85401,-93.28905
3590,1000 15TH ST N,50548,IA,42.73196,-94.2301
3591,2101 N WALDRON ST SUITE A,67502,KS,38.077274,-97.894646
3592,"2606 ""L"" AVE",52627,IA,40.6257272,-91.3455188
3594,500 S. FREMONT STREET,51601,IA,40.7626198,-95.3893811
3597, 505 WEST 400 NORTH,84057,UT,40.3180136,-111.7293082
3598, SUITE 204,84604,UT,40.250587,-111.665695
3599,8326 NAAB RD,46260,IN,39.907608,-86.198326
3601,44045 RIVERSIDE PARKWAY,20176,VA,39.0771,-77.47814
3603, P.O.BOX 1025,95640,CA,38.353645,-120.9354
3608, PO BOX 90,14059,NY,42.831383,-78.63681
3609, PO BOX 228,62690,IL,39.501686,-89.76758
3610, 110 EAST STATE,62075,IL,39.3013653,-89.2872112
3611, 73-21 37TH ROAD,11372,NY,40.7484723,-73.8924611
3612, PO BOX 395,16134,PA,41.48458,-80.44175
3613, SUITE A,95691,CA,38.5740318,-121.5260865
3614, P.O. BOX 599,68450,NE,40.379185,-96.197266
3620, 280 EXEMPLA CIR,80026,CO,39.9695277,-105.0883511
3621, 16290 E QUINCY AVENUE,80015,CO,39.6379318,-104.8022435
3628, 2345 BENT WAY,80503,CO,40.1489296,-105.134821
3634, 1400 POTTERY AVENUE,98366,WA,47.526409,-122.656126
3635, 19379 7TH AVE NE,98370,WA,47.738641,-122.6449697
3638, FL 1,90027,CA,34.09815,-118.29542
3639, 1ST FL,92563,CA,33.6304929,-117.1716467
3641, SUITE 145,95066,CA,37.06157,-122.00747
3642, 1ST FL,93036,CA,34.2180468,-119.1509694
3645,1227 US HWY 127 S,40601,KY,38.17196,-84.89895
3646,1571 N DIXIE AVENUE,42701,KY,37.7281499,-85.8851869
3649,3097 TODDS RD.,40509,KY,38.009438,-84.42471
3653,560 N ESTRELLA PKWY STE B9 B10,85338,AZ,33.448277,-112.39253
3654," BLDG M, P O BOX 1059",74851,OK,35.4491764,-97.0911761
3655, 192 SOUTH 7TH ST,78580,TX,26.4811192,-97.7849934
3658,613 23RD STREET SUITE 110,41101,KY,38.47116,-82.63295
3660, PO BOX 99,98328,WA,46.8676206,-122.2691091
3661, SUITE 204,98374,WA,47.097168,-122.27674
3663, 20148 10TH AVE NE,98370,WA,47.746109,-122.6367667
3664, 1017 ELLINGTON STREET,93215,CA,35.7688735,-119.2540588
3666,1115 WEST MAIN STREET STE E-1,93458,CA,34.953354,-120.45196
3669, P.O. BOX 609,81140,CO,37.27496,-105.96029
3670, SUITE 1A,78738,TX,30.3079434,-97.9283063
3671,2301 HIGHWAY 71 SOUTH,51360,IA,43.4201555,-95.1311536
3673,927 WEST CHURCHILL STREET,55082,MN,45.047045,-92.8205034
3676,623 MC LEAN AVE,10705,NY,40.90938,-73.879654
3678,111 CALUMET AVE SW,57231,SD,44.387115,-97.54898
3680,104 W PARK AVENUE,57070,SD,43.17029,-97.0817
3681,741 SOUTH WASHINGTON AVE,57042,SD,43.9983848,-97.1131459
3686, SUITE 104B,95242,CA,38.1236058,-121.307218
3692,2 W FERN AVE,92373,CA,34.050377,-117.17894
3698,783 RIO DEL MAR BLVD STE 3,95003,CA,36.974007,-121.88811
3703, PO BOX 128,14739,NY,42.207794,-78.13412
3704, PO BOX 229,12047,NY,42.7709,-73.7005
3710,2601 RIVA RD.,21401,MD,38.9761,-76.55564
3715,402 SO. JEFFERSON STREET,21701,MD,39.407505,-77.42938
3716, SILVER HILL PLAZA,20747,MD,38.85351,-76.90941
3721,7955 TUCKERMAN LANE,20854,MD,39.040184,-77.15777
3723,9920 KEY WEST AVE,20850,MD,39.10177,-77.21048
3725, SUITE 130,78410,TX,27.856403,-97.63577
3727, 200 OHIO ST,14103,NY,43.2217137,-78.3967057
3728, SUITE 1H,84124,UT,40.6861129,-111.8574482
3731,705 SOUTH LEWIS STREET,30439,GA,32.384647,-82.0614
3732, ONE WYOMING ST,45409,OH,39.7430408,-84.1926701
3736, 81 ROCHESTER RD PO BOX 188,14105,NY,43.2047561,-78.4858069
3738, P O BOX 67,28124,NC,35.399445,-80.436226
3739, 620 N PUTNAM STREET,62550,IL,39.6318638,-89.016674
3743, NC BAPTIST HOSPITAL INC,27157,NC,36.0926473,-80.2732853
3744, SUITE B,58601,ND,46.902115,-102.78973
3745, PO BOX 376,13732,NY,42.070347,-76.151634
3746, 120 E MAIN STREET,97845,OR,44.4159192,-118.9542318
3749,100 SPRINGDALE RD,8003,NJ,39.862045,-74.97452
3750,107 EAST FIRST AVENUE,7203,NJ,40.660156,-74.263176
3751,1099 RTE. 33 HAMILTON SQUARE,8690,NJ,40.22847,-74.66676
3752, RAINTREE S/C,7728,NJ,40.24009,-74.30778
3754,24 S. BLACK HORSE PIKE,8059,NJ,39.8805684,-75.0869195
3759,307 EGG HARBOR RD,8080,NJ,39.76399,-75.08548
3760,3110 ROUTE 38,8054,NJ,39.9701777,-74.8755333
3762, WEST CALDWELL S/C,7006,NJ,40.849139,-74.2987946
3763, COURT STREET PLAZA,7030,NJ,40.73676,-74.0311
3764,600 KINGS HWY N,8034,NJ,39.9193752,-75.0129436
3767,9015 BERGENLINE AVENUE - 90TH STREET,7047,NJ,40.808548,-74.00191
3773, PO BOX 1128,27298,NC,35.853645,-79.578545
3774, STE #126,27262,NC,35.939995,-80.03427
3775,24 WESTGATE PKWY.,28806,NC,35.5934,-82.5753
3777, 2121 N. ROBINS DRIVE,84041,UT,41.0908467,-112.0004077
3778, 1756 SAGAMORE ROAD,44067,OH,41.3503062,-81.5772986
3781, 3917 SPRING GROVE AVE,45223,OH,39.1574806,-84.5428803
3783, 706 CASTLE HILL AVENUE,10473,NY,40.8210569,-73.8503274
3784, 460 ANDES ROAD,13753,NY,42.2682553,-74.9188642
3792,17 WILLIAM H. TAFT RD.,45219,OH,39.1276254,-84.5130479
3797,22001 LAKESHORE BLVD,44123,OH,41.609104,-81.52773
3814,101 E EXPRESSWAY 83 STE D,78577,TX,26.1980485,-98.1918286
3815,104 WHISPERING PINES DRIVE SUITE 105,95066,CA,37.04245,-122.02733
3819, SUITE 104,14626,NY,43.19537,-77.70144
3820, SUITE 5,70815,LA,30.45529,-91.08101
3821,13322 PACIFIC AVE SO,98444,WA,47.136116,-122.43463
3822, PO BOX 1225,84761,UT,37.842636,-112.82762
3826, PO BOX 960,98337,WA,47.567314,-122.62826
3827, SUITE 205,98370,WA,47.74356,-122.64003
3829, GROUND FLOOR,19104,PA,39.95652,-75.19683
3830,1865 ROUTE 70 EAST,8003,NJ,39.9036129,-74.9742809
3833,105 S. SPORTING HILL RD.,17050,PA,40.236958,-76.97208
3835,1740 WASHINGTON RD,15241,PA,40.347874,-80.05331
3836,1901 WEST OREGON AVENUE,19145,PA,39.917927,-75.17941
3837,204 EAST SECOND STREET,16301,PA,41.42806,-79.70809
3840,3298 EDGEMONT AVE.,19015,PA,39.86925,-75.38227
3849, 425 NIAGARA ST,14201,NY,42.895832,-78.8863333
3851, SE,52240,IA,41.67337,-91.45514
3852,3750 CHEMAWA ROAD N.E.,97305,OR,45.004505,-122.982124
3857,385 A/B SECOND AVE,10010,NY,40.73753,-73.9835777
3858, SUITE 373,77027,TX,29.728039,-95.444293
3859," HWY 544, SUITE 2",29588,SC,33.65054,-78.981735
3861, SUITE 820,74103,OK,36.152916,-95.992546
3862, 87-08 JUSTICE AVENUE,11373,NY,40.7372311,-73.8785414
3863, PO BOX 499,57469,SD,44.871513,-98.52003
3864, RED CROSS UNITED DRUG INC,97850,OR,45.329094,-118.095245
3866, 640 JACKSON STREET,55101,MN,44.9558263,-93.0966852
3872, MEADOWBROOK PLAZA,2889,RI,41.70946,-71.39796
3881, ROOM 1-501,23601,VA,37.064995,-76.48465
3882, P.O. BOX 275,12723,NY,41.7662732,-75.0603469
3884,4481 LAKESHORE RD.,14075,NY,42.762367,-78.879166
3887, 711 E MARKET STREET,95202,CA,37.95331,-121.2836197
3890, PO BOX 608,46173,IN,39.621357,-85.444756
3891, SUITE 105,13021,NY,42.929626,-76.570435
3892, STE #4,98391,WA,47.167879,-122.1441427
3893,68-50 MAIN STREET,11367,NY,40.73204,-73.8246
3899, P.O. BOX 103,16154,PA,41.336964,-80.412
3900, STE 120,98284,WA,48.49516,-122.27499
3901,220 FALCON PARKWAY,80912,CO,38.8086576,-104.5291601
3902, STE 1665,80218,CO,39.7465616,-104.972592
3904,1106 AVENUE K 1ST FLOOR,11230,NY,40.622383,-73.964584
3905, SUITE 102,16146,PA,41.23373,-80.50796
3906,5168 HONPIE RD,95667,CA,38.696655,-120.90781
3913,2446 HUDSON RD,29650,SC,34.894264,-82.290085
3915,27 US HIGHWAY 321 BYPASS S,29180,SC,34.3708938,-81.1011737
3917,3210 E PALMETTO ST,29506,SC,34.1954727,-79.7051806
3919,4711-5 FOREST DRIVE,29206,SC,34.019924,-80.97085
3923,901 MARKET ST.,29520,SC,34.690067,-79.89737
3924, STE D2,98387,WA,47.096226,-122.43494
3925,153-W COMMERICAL ST,14445,NY,43.113531,-77.4893651
3926,109 W MAIN STREET,28160,NC,35.357426,-81.930916
3929, P.O. BOX 1628,81502,CO,39.0903724,-108.5648962
3930, OUTPATIENT PHARMACY,83687,ID,43.616837,-116.59154
3932,2001 WEST 86TH STREET,46260,IN,39.912064,-86.1936
3933, P O BOX 1057,84725,UT,37.573597,-113.71761
3936, 2130 STOUT ST,80205,CO,39.7512323,-104.9891272
3937, SUITE 100,14304,NY,43.092625,-78.906746
3939, 3186 SOUTH MARYLAND PKWY,89109,NV,36.1339924,-115.136671
3942,3659 LEE ROAD,10535,NY,41.33287,-73.80974
3946,116 COMMONS DR.,38237,TN,36.34246,-88.87322
3952,2424 OCOEE ST.,37311,TN,35.17816,-84.86504
3954,417 EMORY ROAD,37849,TN,36.0500816,-84.000512
3955,5120 HIGHWAY 153,37343,TN,35.120007,-85.23698
3959,786 GERMANTOWN PKWY.,38018,TN,35.14668,-89.79534
3961, 17720 CORPORATE WOODS DRIVE,78259,TX,29.6031738,-98.4406129
3964," PARK BUILDING, ROOM G-105",21287,MD,39.2967385,-76.5949249
3965, 1 ATWELL RD,13326,NY,42.696016,-74.9253747
3967, SUITE 113,78229,TX,29.511017,-98.570885
3970, SUITE 2,55072,MN,46.1183572,-92.8873863
3972, FIRST FLOOR,29464,SC,32.805412,-79.887596
3974, #102,84088,UT,40.59163,-111.93875
3975, 2142 NORTH COVE BLVD,43606,OH,41.667537,-83.6252378
3976," PO BOX 8150, ROUTE HC01",85634,AZ,32.1896267,-112.417831
3978," PO BOX 8700, ROUTE 8HC01",85634,AZ,32.3252737,-112.0423769
3979, 1 MESQUTIE DR.,85634,AZ,31.9186494,-111.8924093
3984,3201 SOUTHWESTERN BLVD.,14127,NY,42.795845,-78.75264
3988,700 FIRST NORTH STREET,13208,NY,43.069412,-76.149055
3991, 700 THRUWAY PLAZA DR.,14225,NY,42.9412628,-78.809693
3992, 35 FRANKLIN PLAZA,14437,NY,42.5639108,-77.7144375
3997,CREGO & DOWNER ROADS,13027,NY,43.1531712,-76.3527105
3999, P.O. BOX 335,12570,NY,41.625362,-73.6884
4002, P O BOX 6028,27834,NC,35.607605,-77.3976
4003, AMBULATORY CARE CENTER PHARMACY,27599,NC,35.90054,-79.058478
4004, 1601 MURPHY DRIVE,72113,AR,34.8773971,-92.3967727
4006, SUITE H-2,78539,TX,26.257254,-98.1740117
4007, WEINBERG BUILDING,21201,MD,39.2877168,-76.6228811
4009, 750 EAST ADAMS STREET,13210,NY,43.0412391,-76.1416026
4010, BUILDING B,79907,TX,31.687398,-106.3327023
4011, 530 SOUTH JACKSON STREET,40202,KY,38.24849,-85.7519759
4012, 4815 ALAMEDA,79905,TX,31.7544328,-106.4528226
4014,3130 N COUNTY ROAD 25A,45373,OH,40.09009,-84.224266
4015, 3551 ROGER BROOKE DRIVE,78234,TX,29.459702,-98.4188585
4016, BLDG 9040,98431,WA,47.1096692,-122.5540681
4017, BLDG 1179,78234,TX,29.4542543,-98.4423726
4018, BLDG 2401,78234,TX,29.451572,-98.451193
4019, BUILDING 1279 ROOM A219,78234,TX,29.4560831,-98.442381
4021, BLDG 5026,78251,TX,29.5834108,-98.6192968
4022,10010 ROGERS CROSSING,78251,TX,29.471975,-98.6885
4023,617 5TH & BENTON,98841,WA,48.4045213,-119.5209975
4027, 300 TUSKEGEE BLVD,19902,DE,39.121878,-75.4775344
4028,590 MITCHELL BLVD BLDG 375,78843,TX,29.3526567,-100.7939297
4029, 527 GOTT ROAD,73705,OK,36.3371657,-97.8994238
4030, 221 3RD ST W BLDG 1040,78150,TX,29.5407999,-98.2930684
4031, SUITE 1/SGSKS,78236,TX,29.3990722,-98.6252104
4034,2250 LEESTOWN ROAD,40511,KY,38.07752,-84.54153
4035, US ROUTE 322,16335,PA,41.6280211,-80.1556061
4036,4515 SOUTH TELEGRAPH RD,48125,MI,42.2769567,-83.2720893
4038, SUITE 6,30135,GA,33.705746,-84.77426
4039,10901 WEST BROAD STREET,23060,VA,37.6405111,-77.5815019
4041,13031 LEE-JACKSON HIGHWAY,22033,VA,38.8670932,-77.4019806
4044,13800 HULL STREET RD.,23112,VA,37.408026,-77.6599757
4053,3117 LOCKHEED BLVD,22306,VA,38.759037,-77.08437
4057, LABURNUM SQUARE,23231,VA,37.517063,-77.35004
4067, YORKTOWN CTR,22042,VA,38.865673,-77.22762
4071, PO BOX 66,71957,AR,34.5496332,-93.6259366
4073,1135 N MESA DRIVE,85201,AZ,33.435013,-111.82267
4079,25 LAKE HAVASU AVE S,86403,AZ,34.47361,-114.34358
4085,4965 W BELL ROAD,85308,AZ,33.639065,-112.16631
4086,55 W. APACHE TRAIL,85120,AZ,33.41499,-111.554276
4089,1081 GA HIGHWAY 96,31088,GA,32.55291,-83.68877
4092,2060 HIGHWAY 40 E,31548,GA,30.804623,-81.72167
4094,4700 HIGHWAY 280 SUITE 1,35242,AL,33.422813,-86.700424
4097,8 NW MAIN ST,32696,FL,29.387438,-82.447716
4103,10600 ROLLINGWOOD DRIVE,22407,VA,38.248447,-77.51184
4108,111 MICHIGAN AVE NW STE 1107,20010,DC,38.926273,-77.012764
4110,11119 HULL STREET,23112,VA,37.436302,-77.60295
4111,1120 E. UNIVERSITY AVE.,32641,FL,29.652002,-82.31047
4112,1145 U.S. 31 W. BYPASS,42101,KY,36.983329,-86.4413647
4113,115 FIELDS STREET,46158,IN,39.542442,-86.37262
4122,1260 E CENTRAL,45342,OH,39.640697,-84.26768
4123,1290 N STATE RD 135,46142,IN,39.633804,-86.15841
4124,1303 W MAIN,37087,TN,36.21313,-86.32128
4130, SUITE 140,46219,IN,39.78657,-86.0738
4131,1424 S RANGELINE RD,46032,IN,39.95824,-86.126785
4134,1515 OHIO AVE S,32064,FL,30.305067,-82.97934
4135,15155 NW US HIGHWAY 441,32615,FL,29.7949409,-82.4972583
4143,1801 N. ROSE,93030,CA,34.217197,-119.15827
4149,20 BUFORD RD,23235,VA,37.49785,-77.54522
4150,2012 S UNION,44601,OH,40.901543,-81.10589
4152,205 WEST MADISON STREET,32091,FL,29.943602,-82.11079
4153,2094 W US HIGHWAY 90,32055,FL,30.17887,-82.66673
4157,2270 US HIGHWAY 17,31324,GA,31.9508273,-81.3144599
4165,2545 E EUCLID,50317,IA,41.62773,-93.56952
4168,2670 COBB PARKWAY SE,30080,GA,33.88793,-84.47358
4175,29910-A MURRIETA HOT SPRINGS ROAD,92563,CA,33.5544878,-117.1758016
4179,325 BLUEMONT AVE,66502,KS,39.18666,-96.56051
4183,3455 SW ARCHER RD,32608,FL,29.6251,-82.374466
4185,3800 PRINCETON LAKES PKWY SW,30331,GA,33.656338,-84.512505
4186,385 NORTHLAND BLVD,45240,OH,39.282322,-84.485825
4199,4823 JFK BLVD,72116,AR,34.796593,-92.2562
4203,5006 N BROADWAY STREET,37918,TN,36.03009,-83.92901
4213,55 J F KENNEDY RD,52002,IA,42.5021568,-90.7266578
4220,600 WASHINGTON BLVD. S,20707,MD,39.09855,-76.8494
4223,6851 TEMIE LEE PKWY,23112,VA,37.4051987,-77.6658941
4226,700 US HIGHWAY 31 S,46143,IN,39.6056513,-86.1110863
4227,701 E RIDGE,78503,TX,26.184673,-98.2153
4234,7601 HWY 70 S,37221,TN,36.078606,-86.95104
4235,7769 W STATE RTE 66,47630,IN,37.9759985,-87.3922178
4237,7975 E US HWY 36,46123,IN,39.762936,-86.38235
4241, UNIT A,22152,VA,38.77897,-77.234505
4246, SUITE B,20735,MD,38.7658695,-76.8894468
4254,216 STATE ROUTE 36,7764,NJ,40.295222,-74.0300757
4257,2310 W OREGON AVE,19145,PA,39.9181945,-75.1889248
4259,2395 KENNEDY BLVD.,7304,NJ,40.7199743,-74.0806841
4260,2479 CHURCH ROAD,8753,NJ,40.0161,-74.14714
4261,4098 EDGEMONT AVE.,19015,PA,39.87257,-75.3881
4262,425 W MAIN ST,7728,NJ,40.24,-74.30523
4268,1000 PINEVIEW DRIVE,26505,WV,39.65806,-79.95455
4269, PO BOX 1159,24712,WV,37.423584,-81.016106
4271,1327 PLAZA EAST,25301,WV,38.3468312,-81.6253204
4275,1846 COAL HERITAGE RD.,24701,WV,37.284065,-81.25094
4276,221 CROSSINGS MALL ROAD,25071,WV,38.4590944,-81.5014421
4279,300 FOURTH AVE,25136,WV,38.181488,-81.32239
4283,72 WHITEWATER AVE.,25840,WV,38.0324648,-81.1264959
4285,9781 SENECA TRAIL S.,24901,WV,37.78306,-80.455696
4286, PO BOX 246,25813,WV,37.7503049,-81.140456
4289, SUITES A--E,92102,CA,32.712616,-117.1124
4294,2200 BRACKET AVE,54701,WI,44.800106,-91.46933
4296,700 WEST WISCONSIN AVE.,54914,WI,44.272923,-88.41587
4300,2235 EAST GRAND RIVER AVE.,48843,MI,42.61403,-83.956375
4304,30900 WOODWARD,48073,MI,42.51724,-83.18542
4305,37050 GRATOIT,48036,MI,42.5707601,-82.8922636
4306,37340 FIVE MILE RD.,48154,MI,42.396385,-83.412476
4309,18500 GRAND RIVER,48223,MI,42.40344,-83.22508
